557718,Devolver_Digital,Ubisoft,Adventure,German
7742718,Ubisoft,Activision,Fighting,English
4783658,From_Softaware,Ubisoft,Adventure,English
9902395,Bethesda,Activision,Fighting,German
2842786,Ubisoft,Ubisoft,Puzzle,German
1309545,Blizzard,Blizzard,Adventure,German
7925990,Ubisoft,Ubisoft,Fighting,English
4170267,Blizzard,Blizzard,Adventure,German
6958565,Activision,Blizzard,Puzzle,English
7808145,Devolver_Digital,Activision,Puzzle,Japan
6460398,Activision,Blizzard,Shooter,German
4763916,From_Softaware,Activision,Shooter,English
2287347,Devolver_Digital,Blizzard,Puzzle,Russia
6167454,Ubisoft,Bethesda,Adventure,German
6172824,Ubisoft,Bethesda,Puzzle,Russia
1548270,Ubisoft,Bethesda,Shooter,Japan
386649,Bethesda,Bethesda,Fighting,Japan
9020799,Blizzard,Blizzard,Fighting,English
4964378,Activision,Activision,Fighting,Japan
2900351,From_Softaware,Blizzard,Shooter,German
362302,Bethesda,Blizzard,Adventure,German
4578293,Arkane,Ubisoft,Shooter,Japan
3756908,From_Softaware,Bethesda,Fighting,Japan
434991,Bethesda,Bethesda,Puzzle,German
9906399,Activision,Blizzard,Adventure,English
5489152,Activision,Ubisoft,Shooter,German
4035127,Blizzard,Bethesda,Puzzle,Japan
3495088,Blizzard,Bethesda,Fighting,Russia
9425173,Blizzard,Ubisoft,Adventure,English
3713082,Activision,Bethesda,Shooter,German
3659194,Activision,Bethesda,Fighting,German
6285280,Arkane,Activision,Shooter,German
3859894,Activision,Activision,Puzzle,Russia
7673260,Blizzard,Ubisoft,Fighting,German
8521020,Bethesda,Blizzard,Adventure,German
2535272,Arkane,Bethesda,Adventure,Russia
3662026,Ubisoft,Blizzard,Adventure,Japan
3673447,Bethesda,Blizzard,Adventure,Japan
1497166,From_Softaware,Blizzard,Adventure,German
1551478,Bethesda,Bethesda,Adventure,Russia
2981718,From_Softaware,Ubisoft,Fighting,Japan
7860029,Devolver_Digital,Ubisoft,Fighting,Japan
1251706,Bethesda,Ubisoft,Shooter,English
9256991,Devolver_Digital,Bethesda,Puzzle,German
703401,Arkane,Blizzard,Shooter,German
6973693,Ubisoft,Bethesda,Fighting,German
1400451,Activision,Bethesda,Fighting,English
1676228,Arkane,Blizzard,Adventure,English
6551006,Devolver_Digital,Bethesda,Fighting,English
5904232,Blizzard,Bethesda,Shooter,Russia
7548642,Blizzard,Bethesda,Adventure,Japan
2849868,Devolver_Digital,Bethesda,Adventure,English
8506925,Activision,Blizzard,Fighting,Russia
967741,Bethesda,Activision,Adventure,German
3652838,From_Softaware,Blizzard,Adventure,German
9994929,From_Softaware,Blizzard,Puzzle,Russia
8677401,Devolver_Digital,Ubisoft,Puzzle,Japan
4340666,Arkane,Ubisoft,Fighting,English
7550832,Devolver_Digital,Ubisoft,Puzzle,Japan
2419870,Blizzard,Ubisoft,Adventure,English
1509676,Blizzard,Activision,Shooter,Japan
542050,Devolver_Digital,Blizzard,Puzzle,English
795688,Ubisoft,Activision,Puzzle,Japan
9804368,Ubisoft,Activision,Adventure,English
9370603,From_Softaware,Blizzard,Shooter,Russia
940592,Arkane,Ubisoft,Shooter,German
8101713,Activision,Activision,Shooter,Russia
9532814,Devolver_Digital,Blizzard,Shooter,English
9026186,Devolver_Digital,Ubisoft,Puzzle,Japan
7032062,Ubisoft,Activision,Adventure,Japan
2046081,Arkane,Blizzard,Puzzle,English
2319300,Ubisoft,Blizzard,Shooter,German
6812505,From_Softaware,Activision,Fighting,Russia
1239453,Bethesda,Activision,Adventure,Russia
6135097,From_Softaware,Blizzard,Puzzle,Russia
5488657,From_Softaware,Bethesda,Adventure,German
8626817,Bethesda,Bethesda,Puzzle,Japan
877763,Devolver_Digital,Bethesda,Puzzle,Russia
357183,Bethesda,Bethesda,Shooter,English
7385742,Activision,Blizzard,Adventure,German
3447478,Blizzard,Bethesda,Puzzle,Russia
2244882,Bethesda,Ubisoft,Fighting,German
7776211,From_Softaware,Ubisoft,Puzzle,Russia
1342183,Ubisoft,Ubisoft,Adventure,English
1830370,Arkane,Activision,Adventure,English
3375912,From_Softaware,Ubisoft,Fighting,Russia
6555087,From_Softaware,Bethesda,Fighting,English
510221,Arkane,Activision,Adventure,Russia
4716343,Arkane,Activision,Shooter,German
7348076,Devolver_Digital,Activision,Adventure,Japan
9007165,Bethesda,Blizzard,Adventure,Russia
3767464,From_Softaware,Bethesda,Fighting,Japan
9159115,Devolver_Digital,Blizzard,Fighting,English
7725814,Activision,Bethesda,Adventure,English
9092291,Ubisoft,Activision,Adventure,Russia
135849,Ubisoft,Activision,Fighting,German
1467606,Bethesda,Ubisoft,Shooter,Russia
2612871,Ubisoft,Bethesda,Puzzle,Russia
2845124,Devolver_Digital,Ubisoft,Adventure,Russia
4285553,Devolver_Digital,Bethesda,Fighting,Russia
7304561,From_Softaware,Activision,Fighting,Japan
8593961,Activision,Activision,Fighting,Japan
9891421,Arkane,Bethesda,Puzzle,Japan
3851808,Devolver_Digital,Ubisoft,Adventure,Russia
5417345,From_Softaware,Bethesda,Puzzle,Russia
5086788,From_Softaware,Ubisoft,Fighting,Japan
1580701,Bethesda,Blizzard,Puzzle,German
2628188,Arkane,Activision,Fighting,Japan
1724063,From_Softaware,Bethesda,Puzzle,Russia
2129532,Devolver_Digital,Blizzard,Puzzle,German
2014259,Bethesda,Activision,Fighting,English
8610859,Activision,Blizzard,Adventure,German
5112045,Ubisoft,Ubisoft,Adventure,English
1125887,Blizzard,Bethesda,Shooter,German
5529065,Ubisoft,Activision,Shooter,Russia
8202518,Devolver_Digital,Ubisoft,Puzzle,Japan
4057524,From_Softaware,Activision,Adventure,German
7789965,Bethesda,Bethesda,Fighting,Russia
3225480,Arkane,Activision,Puzzle,German
9659144,Ubisoft,Blizzard,Shooter,Russia
3832225,Devolver_Digital,Bethesda,Shooter,Japan
7070768,Devolver_Digital,Blizzard,Shooter,English
3959477,Devolver_Digital,Bethesda,Adventure,Russia
4050406,Bethesda,Ubisoft,Fighting,Japan
4639457,Ubisoft,Activision,Fighting,Russia
3343966,Activision,Ubisoft,Fighting,Japan
6171278,Bethesda,Blizzard,Puzzle,English
1309691,Devolver_Digital,Activision,Adventure,German
6936385,Ubisoft,Activision,Shooter,Japan
7037135,Bethesda,Activision,Adventure,Japan
6529695,Arkane,Blizzard,Fighting,Russia
4345565,Devolver_Digital,Activision,Fighting,Russia
4594916,Bethesda,Ubisoft,Adventure,Japan
6539427,From_Softaware,Activision,Adventure,Russia
4496591,Ubisoft,Bethesda,Shooter,English
9524369,Bethesda,Activision,Adventure,German
6003883,Ubisoft,Ubisoft,Shooter,Japan
5192713,Blizzard,Activision,Puzzle,English
9931313,Devolver_Digital,Activision,Shooter,English
3386050,Devolver_Digital,Blizzard,Fighting,English
9348816,Devolver_Digital,Ubisoft,Fighting,Japan
8684995,From_Softaware,Activision,Shooter,Japan
7243063,Ubisoft,Bethesda,Puzzle,German
5270362,Blizzard,Bethesda,Adventure,German
338757,Activision,Activision,Adventure,Japan
6873063,Ubisoft,Blizzard,Fighting,English
6009694,Blizzard,Ubisoft,Adventure,English
6178621,From_Softaware,Ubisoft,Puzzle,English
2836718,From_Softaware,Blizzard,Fighting,German
9849554,Blizzard,Ubisoft,Shooter,Japan
4528926,From_Softaware,Ubisoft,Adventure,Japan
4117839,Devolver_Digital,Ubisoft,Shooter,Japan
9349752,From_Softaware,Activision,Puzzle,English
6966144,Bethesda,Ubisoft,Puzzle,German
5172308,Activision,Blizzard,Fighting,Russia
9377727,From_Softaware,Bethesda,Shooter,Russia
6076618,Ubisoft,Ubisoft,Shooter,English
4763520,Blizzard,Activision,Puzzle,German
5979230,Devolver_Digital,Activision,Shooter,German
161722,Arkane,Activision,Fighting,Russia
2855029,Ubisoft,Activision,Adventure,Japan
9448261,Ubisoft,Activision,Shooter,Russia
1855394,Bethesda,Blizzard,Puzzle,Japan
7046765,Devolver_Digital,Ubisoft,Adventure,German
5531777,From_Softaware,Bethesda,Adventure,German
2780664,From_Softaware,Ubisoft,Fighting,Japan
8113995,From_Softaware,Activision,Puzzle,Russia
3394892,Bethesda,Blizzard,Adventure,English
8541571,Arkane,Activision,Fighting,Russia
2457482,Activision,Blizzard,Fighting,Russia
9481451,Devolver_Digital,Blizzard,Puzzle,German
7011464,From_Softaware,Activision,Shooter,Russia
490729,Arkane,Bethesda,Adventure,German
2310447,Ubisoft,Blizzard,Fighting,English
3204226,Arkane,Blizzard,Adventure,Russia
2002147,Activision,Blizzard,Puzzle,English
3058009,Bethesda,Bethesda,Shooter,Japan
2094066,Ubisoft,Ubisoft,Fighting,German
6762958,Arkane,Bethesda,Puzzle,German
7830511,Blizzard,Activision,Puzzle,English
4651814,Activision,Ubisoft,Puzzle,Japan
7445942,Bethesda,Activision,Fighting,English
2181928,Bethesda,Bethesda,Puzzle,German
2589210,Activision,Ubisoft,Shooter,German
2488344,Bethesda,Bethesda,Fighting,English
1201318,Bethesda,Activision,Shooter,Japan
1036592,From_Softaware,Activision,Puzzle,English
2741170,Activision,Bethesda,Puzzle,English
9419823,Bethesda,Ubisoft,Puzzle,German
8493108,Bethesda,Blizzard,Fighting,Russia
4393370,From_Softaware,Bethesda,Adventure,German
3537288,From_Softaware,Activision,Adventure,English
7422412,Arkane,Bethesda,Puzzle,German
5133766,Bethesda,Activision,Adventure,Russia
1955155,Bethesda,Ubisoft,Shooter,English
9908901,Activision,Bethesda,Shooter,Japan
2787476,From_Softaware,Activision,Puzzle,Russia
5031288,Ubisoft,Bethesda,Fighting,Japan
3599111,Bethesda,Ubisoft,Puzzle,German
8349878,From_Softaware,Blizzard,Puzzle,Russia
3457509,Activision,Bethesda,Shooter,Russia
1644618,From_Softaware,Bethesda,Puzzle,Japan
7067233,From_Softaware,Bethesda,Shooter,English
4413113,Blizzard,Ubisoft,Fighting,English
5765002,Bethesda,Blizzard,Shooter,English
3525863,Ubisoft,Activision,Adventure,Japan
5081958,Arkane,Bethesda,Fighting,German
9220189,Ubisoft,Bethesda,Fighting,Russia
4613956,Bethesda,Bethesda,Fighting,Japan
4796903,Bethesda,Activision,Puzzle,English
8014812,Devolver_Digital,Bethesda,Fighting,Japan
9705541,Ubisoft,Blizzard,Adventure,German
7637451,Arkane,Ubisoft,Puzzle,German
8975128,Activision,Bethesda,Puzzle,German
7745248,Arkane,Activision,Puzzle,Japan
1822442,Ubisoft,Ubisoft,Fighting,English
9920755,From_Softaware,Bethesda,Adventure,Japan
6435201,Bethesda,Blizzard,Adventure,English
1151328,From_Softaware,Activision,Shooter,Russia
5056217,Activision,Blizzard,Adventure,Russia
6705318,Bethesda,Ubisoft,Shooter,Russia
1656389,Arkane,Bethesda,Puzzle,English
9001990,Bethesda,Bethesda,Adventure,English
2686595,Ubisoft,Ubisoft,Fighting,Japan
4909489,Activision,Bethesda,Fighting,German
6434186,Activision,Activision,Fighting,English
7860512,Devolver_Digital,Activision,Puzzle,German
7211356,From_Softaware,Blizzard,Fighting,Japan
9415563,Devolver_Digital,Blizzard,Fighting,German
3256168,Ubisoft,Ubisoft,Shooter,Japan
8584852,From_Softaware,Bethesda,Puzzle,Russia
3092616,Ubisoft,Blizzard,Puzzle,Russia
4261029,Devolver_Digital,Activision,Shooter,Japan
558273,From_Softaware,Activision,Adventure,Russia
2387034,Devolver_Digital,Blizzard,Adventure,English
7645486,Ubisoft,Ubisoft,Adventure,English
1211056,Activision,Activision,Fighting,Russia
5970453,Devolver_Digital,Bethesda,Fighting,Russia
1395214,Bethesda,Blizzard,Fighting,German
6095646,Devolver_Digital,Ubisoft,Puzzle,English
5715211,Activision,Blizzard,Fighting,German
690155,Activision,Blizzard,Adventure,German
548287,Activision,Blizzard,Puzzle,Russia
3733234,Ubisoft,Ubisoft,Fighting,Japan
9119816,Ubisoft,Ubisoft,Fighting,Japan
3363978,Devolver_Digital,Activision,Puzzle,Russia
3301969,Ubisoft,Activision,Shooter,German
7433765,Arkane,Bethesda,Puzzle,English
7622222,Arkane,Activision,Shooter,English
9564926,Arkane,Blizzard,Puzzle,German
3519377,Bethesda,Activision,Shooter,Russia
8005630,Ubisoft,Bethesda,Adventure,English
2737549,Bethesda,Activision,Puzzle,English
7838937,Arkane,Blizzard,Adventure,German
1856889,Activision,Activision,Adventure,Russia
289942,From_Softaware,Blizzard,Shooter,Japan
911996,Ubisoft,Ubisoft,Fighting,German
5212238,Activision,Ubisoft,Puzzle,English
9575836,Arkane,Blizzard,Adventure,Russia
9635407,Activision,Bethesda,Shooter,Japan
1699884,Blizzard,Bethesda,Fighting,Russia
5888371,Activision,Ubisoft,Shooter,Russia
9767059,Activision,Blizzard,Puzzle,English
7460702,Bethesda,Ubisoft,Adventure,English
4603679,Devolver_Digital,Bethesda,Adventure,Russia
8333059,From_Softaware,Activision,Fighting,Japan
9364370,Ubisoft,Ubisoft,Fighting,Japan
4964893,Arkane,Blizzard,Puzzle,English
2533904,From_Softaware,Activision,Shooter,Russia
1553139,Blizzard,Ubisoft,Fighting,Russia
3760561,Blizzard,Ubisoft,Adventure,English
1360650,Bethesda,Blizzard,Puzzle,Japan
41796,Activision,Activision,Fighting,English
9649171,Arkane,Blizzard,Shooter,German
2541928,Ubisoft,Bethesda,Puzzle,Russia
1838122,Bethesda,Blizzard,Fighting,Russia
1044114,Bethesda,Blizzard,Adventure,Japan
9982059,Devolver_Digital,Bethesda,Shooter,Japan
8131253,Blizzard,Activision,Shooter,English
9079000,From_Softaware,Ubisoft,Adventure,English
5275779,Bethesda,Blizzard,Shooter,Russia
6999080,Activision,Activision,Puzzle,Russia
6759892,Arkane,Blizzard,Shooter,Russia
1725926,Ubisoft,Ubisoft,Puzzle,Japan
6931673,Activision,Activision,Fighting,German
4635133,Activision,Activision,Shooter,English
4140923,Ubisoft,Bethesda,Puzzle,English
4884534,Bethesda,Activision,Puzzle,German
2043361,Bethesda,Ubisoft,Shooter,Japan
9400597,Devolver_Digital,Activision,Adventure,Japan
4245896,Devolver_Digital,Bethesda,Adventure,Japan
2669494,From_Softaware,Bethesda,Shooter,English
4454842,Blizzard,Activision,Shooter,Russia
5530448,Arkane,Activision,Fighting,Russia
6490629,From_Softaware,Blizzard,Shooter,English
9841497,From_Softaware,Bethesda,Puzzle,Russia
8932759,Blizzard,Activision,Shooter,English
4802927,Blizzard,Bethesda,Adventure,English
2865421,Arkane,Blizzard,Fighting,Japan
6490340,Devolver_Digital,Activision,Puzzle,German
8120697,Arkane,Bethesda,Adventure,Russia
7585874,From_Softaware,Bethesda,Fighting,German
9725878,Ubisoft,Activision,Puzzle,German
1535493,From_Softaware,Activision,Fighting,Russia
8254563,From_Softaware,Activision,Shooter,English
2492173,Devolver_Digital,Blizzard,Fighting,Russia
4138617,Activision,Bethesda,Shooter,Japan
5628427,Arkane,Activision,Puzzle,Japan
6148745,Blizzard,Activision,Shooter,Russia
6745178,Devolver_Digital,Bethesda,Puzzle,Japan
1199180,From_Softaware,Blizzard,Shooter,English
1718092,Devolver_Digital,Ubisoft,Shooter,Russia
8976180,Ubisoft,Blizzard,Fighting,German
8088747,Bethesda,Blizzard,Fighting,Russia
7407367,Bethesda,Bethesda,Fighting,Russia
5896711,Activision,Blizzard,Adventure,Russia
9269765,Devolver_Digital,Bethesda,Fighting,English
3103909,Bethesda,Ubisoft,Adventure,English
2183409,Devolver_Digital,Ubisoft,Fighting,English
3455341,Arkane,Bethesda,Adventure,English
8107714,From_Softaware,Blizzard,Puzzle,Russia
6972022,Activision,Bethesda,Puzzle,Japan
2158450,Activision,Bethesda,Shooter,English
610981,Ubisoft,Blizzard,Puzzle,Russia
5798719,Devolver_Digital,Blizzard,Fighting,Japan
1716616,Arkane,Ubisoft,Puzzle,Japan
269227,Blizzard,Bethesda,Shooter,English
4827685,Blizzard,Bethesda,Shooter,German
7507408,From_Softaware,Activision,Shooter,English
8438334,Devolver_Digital,Blizzard,Adventure,Russia
7961726,Arkane,Bethesda,Fighting,Russia
2864946,Devolver_Digital,Ubisoft,Shooter,German
8973661,Ubisoft,Blizzard,Puzzle,English
8063942,Blizzard,Blizzard,Puzzle,Japan
3884557,Arkane,Ubisoft,Adventure,German
7917428,Blizzard,Blizzard,Shooter,Russia
6323157,From_Softaware,Activision,Adventure,Russia
8663008,Bethesda,Ubisoft,Shooter,Russia
6847731,Activision,Bethesda,Shooter,English
255431,Bethesda,Ubisoft,Shooter,English
8170045,From_Softaware,Bethesda,Shooter,English
7170142,Activision,Activision,Shooter,English
5660792,Activision,Activision,Puzzle,Japan
5886596,Bethesda,Blizzard,Shooter,German
3055077,Ubisoft,Bethesda,Puzzle,Japan
5492535,Devolver_Digital,Bethesda,Adventure,English
5564212,Activision,Activision,Puzzle,Japan
9203834,Activision,Bethesda,Puzzle,Japan
4428238,Arkane,Ubisoft,Fighting,Japan
2578997,From_Softaware,Bethesda,Shooter,Russia
3888357,Ubisoft,Ubisoft,Fighting,English
517280,From_Softaware,Blizzard,Shooter,Russia
1402205,From_Softaware,Ubisoft,Fighting,English
8858961,Arkane,Blizzard,Shooter,English
2232811,Ubisoft,Ubisoft,Puzzle,German
3610188,Bethesda,Blizzard,Adventure,Russia
3404296,Ubisoft,Ubisoft,Fighting,Japan
8328947,Arkane,Ubisoft,Puzzle,Japan
4573048,Arkane,Activision,Fighting,German
7598143,Activision,Bethesda,Shooter,Russia
5087595,Blizzard,Activision,Fighting,German
7800629,Arkane,Blizzard,Adventure,Russia
8765992,Devolver_Digital,Activision,Fighting,Russia
5817502,From_Softaware,Ubisoft,Puzzle,Russia
9192191,Ubisoft,Blizzard,Fighting,Russia
8877565,Activision,Blizzard,Adventure,English
5654993,Devolver_Digital,Ubisoft,Adventure,Japan
3900408,Arkane,Blizzard,Adventure,Japan
2355859,From_Softaware,Blizzard,Puzzle,English
8387735,Bethesda,Activision,Shooter,Russia
4073802,Devolver_Digital,Ubisoft,Adventure,German
965991,Blizzard,Bethesda,Shooter,German
2302742,Arkane,Blizzard,Shooter,Japan
1156426,Devolver_Digital,Blizzard,Fighting,Russia
968672,Arkane,Blizzard,Shooter,Russia
5367050,Bethesda,Activision,Fighting,English
1127612,Activision,Activision,Fighting,German
759459,Arkane,Ubisoft,Fighting,English
6818430,Bethesda,Ubisoft,Shooter,Japan
5325441,From_Softaware,Activision,Shooter,Japan
9997904,Arkane,Ubisoft,Shooter,Russia
782634,Devolver_Digital,Ubisoft,Adventure,Japan
982355,Arkane,Blizzard,Fighting,Japan
6012668,Ubisoft,Bethesda,Shooter,English
4625098,Blizzard,Activision,Fighting,English
3596663,Blizzard,Ubisoft,Adventure,German
827224,Blizzard,Bethesda,Puzzle,Russia
284704,Devolver_Digital,Ubisoft,Puzzle,Russia
7669672,Activision,Bethesda,Puzzle,Russia
6374558,Devolver_Digital,Ubisoft,Shooter,Russia
7939468,Devolver_Digital,Activision,Adventure,German
4529718,Bethesda,Bethesda,Adventure,English
6073107,From_Softaware,Activision,Adventure,Japan
6348787,From_Softaware,Bethesda,Fighting,German
4258762,Activision,Ubisoft,Shooter,Japan
6643605,Blizzard,Bethesda,Fighting,German
7421266,Ubisoft,Blizzard,Puzzle,English
8847571,Bethesda,Activision,Fighting,German
1253644,Arkane,Activision,Shooter,Russia
9349532,Devolver_Digital,Ubisoft,Fighting,Japan
9338965,From_Softaware,Blizzard,Fighting,German
4082730,Activision,Bethesda,Puzzle,German
4257803,Devolver_Digital,Blizzard,Puzzle,German
3239861,Blizzard,Ubisoft,Shooter,Japan
8548571,Ubisoft,Bethesda,Adventure,Russia
8462825,Arkane,Activision,Shooter,German
1616046,Activision,Ubisoft,Puzzle,German
7168844,Activision,Activision,Shooter,English
1360104,From_Softaware,Bethesda,Puzzle,German
8429171,Ubisoft,Ubisoft,Shooter,German
1996485,From_Softaware,Blizzard,Adventure,Japan
1526223,Devolver_Digital,Bethesda,Puzzle,German
6674815,Arkane,Ubisoft,Fighting,Russia
4868634,Arkane,Activision,Shooter,Russia
4783155,Ubisoft,Ubisoft,Adventure,English
9187669,Activision,Bethesda,Fighting,English
9621698,Bethesda,Activision,Fighting,German
3748176,Activision,Ubisoft,Fighting,German
9186695,Bethesda,Activision,Puzzle,Japan
9979224,From_Softaware,Activision,Fighting,English
712906,Bethesda,Ubisoft,Fighting,Russia
6067770,From_Softaware,Ubisoft,Adventure,Japan
4723100,Arkane,Ubisoft,Puzzle,Japan
9055771,Arkane,Activision,Shooter,Japan
2070614,Ubisoft,Bethesda,Shooter,Russia
3854330,Arkane,Ubisoft,Adventure,Japan
7782082,From_Softaware,Activision,Adventure,Russia
576126,Activision,Bethesda,Shooter,German
1523382,From_Softaware,Activision,Puzzle,German
888373,From_Softaware,Blizzard,Fighting,English
9573527,Bethesda,Ubisoft,Fighting,Japan
9724193,Devolver_Digital,Activision,Puzzle,English
9602256,Devolver_Digital,Bethesda,Adventure,German
357145,Arkane,Bethesda,Shooter,English
4625605,From_Softaware,Blizzard,Fighting,Russia
2416724,Devolver_Digital,Ubisoft,Puzzle,Russia
2272828,Ubisoft,Activision,Adventure,German
6018475,From_Softaware,Activision,Adventure,English
3705675,Bethesda,Blizzard,Shooter,Russia
6471416,Arkane,Blizzard,Puzzle,English
104142,Ubisoft,Bethesda,Shooter,English
1396809,Arkane,Bethesda,Fighting,Japan
1461450,Ubisoft,Blizzard,Adventure,English
6536566,Ubisoft,Ubisoft,Adventure,English
9606979,Ubisoft,Bethesda,Shooter,Japan
4467579,Arkane,Bethesda,Shooter,Russia
9272373,Arkane,Activision,Fighting,English
4679414,Ubisoft,Activision,Shooter,English
5904009,From_Softaware,Activision,Shooter,English
4609762,Ubisoft,Bethesda,Fighting,Russia
7245595,Bethesda,Blizzard,Shooter,Japan
294838,Activision,Ubisoft,Fighting,English
9190169,From_Softaware,Bethesda,Fighting,German
7152001,Activision,Bethesda,Shooter,German
2021255,Arkane,Bethesda,Puzzle,English
3058664,From_Softaware,Ubisoft,Puzzle,Japan
5487791,From_Softaware,Ubisoft,Puzzle,German
2204138,From_Softaware,Bethesda,Adventure,English
9724389,Bethesda,Activision,Shooter,German
4712833,Blizzard,Blizzard,Shooter,German
2804516,Ubisoft,Activision,Puzzle,Russia
1878715,Blizzard,Bethesda,Adventure,Russia
4020317,Activision,Blizzard,Fighting,Japan
5073686,Arkane,Activision,Fighting,Russia
2221651,Activision,Activision,Fighting,German
7369105,Activision,Bethesda,Adventure,German
2359445,Bethesda,Blizzard,Adventure,Japan
50631,Blizzard,Ubisoft,Shooter,Japan
4908668,Devolver_Digital,Bethesda,Adventure,Japan
6901484,Bethesda,Ubisoft,Puzzle,Japan
8570626,From_Softaware,Blizzard,Shooter,Russia
8075424,Arkane,Activision,Fighting,Japan
5068680,Arkane,Ubisoft,Puzzle,Japan
4381161,From_Softaware,Ubisoft,Fighting,Japan
3183491,From_Softaware,Bethesda,Shooter,Japan
7326172,Blizzard,Activision,Puzzle,Japan
3216744,Arkane,Blizzard,Puzzle,German
3539173,Bethesda,Bethesda,Puzzle,English
6196303,Blizzard,Bethesda,Shooter,English
9559946,From_Softaware,Blizzard,Puzzle,German
2658262,Bethesda,Activision,Shooter,English
1665467,Ubisoft,Blizzard,Fighting,Russia
4666881,Arkane,Blizzard,Puzzle,Russia
8143963,Bethesda,Bethesda,Adventure,Japan
2414096,Devolver_Digital,Activision,Adventure,English
5457025,Bethesda,Ubisoft,Fighting,German
205280,Bethesda,Ubisoft,Shooter,English
1584214,Arkane,Blizzard,Adventure,English
6915483,Blizzard,Ubisoft,Shooter,German
143038,Ubisoft,Blizzard,Shooter,Russia
7200430,Bethesda,Blizzard,Adventure,English
756542,Blizzard,Ubisoft,Shooter,English
1812276,Blizzard,Ubisoft,Puzzle,German
2474354,Activision,Bethesda,Adventure,English
488234,Ubisoft,Activision,Shooter,German
2574775,Activision,Blizzard,Fighting,German
4845152,From_Softaware,Blizzard,Puzzle,German
4102915,Arkane,Bethesda,Puzzle,Russia
6244531,Ubisoft,Blizzard,Puzzle,English
5977692,Ubisoft,Activision,Puzzle,English
5067140,Devolver_Digital,Ubisoft,Shooter,Russia
575603,Devolver_Digital,Bethesda,Shooter,German
6807259,From_Softaware,Ubisoft,Puzzle,Russia
4538867,Bethesda,Bethesda,Adventure,English
6867732,Activision,Ubisoft,Puzzle,Russia
9999228,Activision,Ubisoft,Puzzle,Russia
6727086,From_Softaware,Activision,Shooter,German
7643645,Arkane,Blizzard,Fighting,English
6791060,Arkane,Bethesda,Shooter,English
9500112,Blizzard,Ubisoft,Adventure,Russia
1622158,Ubisoft,Blizzard,Shooter,Russia
5197512,Ubisoft,Activision,Puzzle,Japan
5303378,Arkane,Ubisoft,Puzzle,German
8388766,Devolver_Digital,Ubisoft,Fighting,Russia
8293539,Blizzard,Ubisoft,Shooter,Japan
156498,Bethesda,Bethesda,Puzzle,Russia
2471975,Arkane,Activision,Adventure,German
6804156,Activision,Ubisoft,Fighting,Russia
5163157,Activision,Blizzard,Shooter,German
7453081,Blizzard,Blizzard,Fighting,German
7174056,From_Softaware,Activision,Adventure,German
285809,From_Softaware,Ubisoft,Fighting,Russia
5415233,Arkane,Activision,Fighting,German
6225593,Arkane,Blizzard,Adventure,Russia
9440855,Arkane,Bethesda,Fighting,German
8608584,Blizzard,Ubisoft,Fighting,Russia
1408856,Arkane,Activision,Fighting,German
5272840,From_Softaware,Activision,Puzzle,English
418498,Blizzard,Activision,Adventure,German
1629002,Activision,Bethesda,Puzzle,German
2497313,Ubisoft,Ubisoft,Shooter,English
7710003,Arkane,Ubisoft,Shooter,German
3386149,Ubisoft,Blizzard,Fighting,Japan
6442556,From_Softaware,Activision,Fighting,German
7681686,Bethesda,Ubisoft,Puzzle,German
5897695,Bethesda,Blizzard,Shooter,English
9377909,Bethesda,Activision,Adventure,English
5997444,From_Softaware,Blizzard,Fighting,Russia
2093260,Bethesda,Activision,Puzzle,Japan
5888661,Activision,Blizzard,Adventure,English
6192239,Ubisoft,Bethesda,Adventure,Japan
2763705,Bethesda,Activision,Adventure,Japan
4736432,Bethesda,Bethesda,Fighting,German
1899662,Ubisoft,Bethesda,Shooter,German
2231019,Bethesda,Ubisoft,Puzzle,English
8716954,Devolver_Digital,Activision,Shooter,English
766841,Arkane,Blizzard,Shooter,English
3655686,Arkane,Ubisoft,Shooter,English
82716,Ubisoft,Ubisoft,Shooter,English
1855407,Ubisoft,Blizzard,Puzzle,German
4329455,Activision,Blizzard,Puzzle,Japan
8677459,Arkane,Blizzard,Shooter,Russia
8345782,Bethesda,Ubisoft,Adventure,English
8441633,Activision,Blizzard,Fighting,Russia
6971111,Activision,Bethesda,Puzzle,Japan
1115019,Arkane,Blizzard,Puzzle,English
4270243,Ubisoft,Ubisoft,Puzzle,Russia
8416313,Arkane,Activision,Puzzle,Russia
1655808,Devolver_Digital,Bethesda,Adventure,Russia
9551976,Ubisoft,Activision,Shooter,English
1775108,Devolver_Digital,Ubisoft,Fighting,Russia
5796508,Activision,Blizzard,Fighting,Japan
8325104,Ubisoft,Activision,Shooter,English
2802202,Arkane,Activision,Adventure,English
2252285,Blizzard,Blizzard,Puzzle,Japan
1289410,Bethesda,Bethesda,Shooter,English
8285002,Arkane,Bethesda,Fighting,German
8799681,Devolver_Digital,Activision,Fighting,German
5024564,Ubisoft,Ubisoft,Shooter,Japan
8138971,From_Softaware,Bethesda,Adventure,German
6347872,Blizzard,Activision,Adventure,German
5767262,Ubisoft,Activision,Fighting,Japan
8896214,From_Softaware,Ubisoft,Puzzle,Japan
3688144,Bethesda,Bethesda,Adventure,German
3523409,Activision,Ubisoft,Puzzle,Japan
8698208,Devolver_Digital,Blizzard,Puzzle,English
3641691,Activision,Activision,Shooter,German
8061705,Devolver_Digital,Activision,Puzzle,Japan
9893208,From_Softaware,Activision,Shooter,German
2747642,From_Softaware,Blizzard,Fighting,German
3954059,Bethesda,Blizzard,Adventure,German
9640488,Bethesda,Ubisoft,Adventure,English
186543,Devolver_Digital,Ubisoft,Fighting,Japan
4523260,Bethesda,Activision,Shooter,Japan
2749417,Ubisoft,Bethesda,Shooter,Japan
2736632,Devolver_Digital,Blizzard,Adventure,Japan
9069033,Bethesda,Blizzard,Fighting,Japan
255243,From_Softaware,Ubisoft,Fighting,Japan
8499834,Ubisoft,Blizzard,Shooter,Japan
8263512,Blizzard,Activision,Fighting,English
7833158,Blizzard,Ubisoft,Puzzle,Japan
4946208,Blizzard,Activision,Puzzle,German
9004122,Activision,Blizzard,Puzzle,Japan
2026714,Activision,Ubisoft,Fighting,Russia
3147597,Blizzard,Bethesda,Adventure,German
1838682,Ubisoft,Ubisoft,Fighting,Russia
8065008,Activision,Blizzard,Shooter,Japan
5590140,From_Softaware,Activision,Fighting,German
919080,Blizzard,Activision,Shooter,German
254045,From_Softaware,Ubisoft,Shooter,Russia
5286198,Ubisoft,Activision,Shooter,Russia
892894,Ubisoft,Ubisoft,Shooter,English
9091068,Devolver_Digital,Ubisoft,Adventure,English
2622568,Devolver_Digital,Activision,Fighting,English
4320632,Ubisoft,Activision,Adventure,English
2648013,From_Softaware,Blizzard,Adventure,Japan
5692569,Devolver_Digital,Activision,Fighting,Japan
5860090,From_Softaware,Blizzard,Adventure,Japan
6138798,Ubisoft,Activision,Shooter,English
7744246,Activision,Blizzard,Adventure,Japan
361914,Devolver_Digital,Blizzard,Fighting,Russia
1318448,Ubisoft,Blizzard,Shooter,German
9833903,Blizzard,Bethesda,Shooter,English
2668606,Ubisoft,Bethesda,Shooter,German
4930552,Ubisoft,Blizzard,Shooter,German
2135003,Bethesda,Activision,Adventure,English
1786013,Devolver_Digital,Blizzard,Shooter,Japan
5778968,Activision,Bethesda,Puzzle,Russia
7636476,Arkane,Ubisoft,Puzzle,Russia
8123385,From_Softaware,Activision,Puzzle,English
9828106,Blizzard,Activision,Shooter,Japan
3715617,From_Softaware,Bethesda,Fighting,Japan
1433553,Arkane,Ubisoft,Shooter,English
5534651,Bethesda,Activision,Fighting,Russia
6305635,Devolver_Digital,Ubisoft,Fighting,Russia
1996556,Arkane,Activision,Puzzle,English
3608436,From_Softaware,Ubisoft,Adventure,English
1213340,From_Softaware,Blizzard,Shooter,Russia
9500368,Bethesda,Blizzard,Fighting,German
7818140,From_Softaware,Ubisoft,Fighting,German
7417330,From_Softaware,Bethesda,Adventure,English
4220677,Ubisoft,Activision,Fighting,German
8277757,Activision,Bethesda,Adventure,German
4293760,From_Softaware,Ubisoft,Fighting,German
989046,From_Softaware,Activision,Fighting,Russia
8782283,From_Softaware,Activision,Shooter,Japan
390341,Bethesda,Ubisoft,Puzzle,Russia
6786976,Devolver_Digital,Bethesda,Shooter,English
3814642,Arkane,Ubisoft,Shooter,German
8476281,Ubisoft,Activision,Puzzle,Japan
3181254,Blizzard,Blizzard,Adventure,Russia
1566155,Bethesda,Blizzard,Shooter,German
3164928,Blizzard,Activision,Puzzle,Russia
7455042,Ubisoft,Activision,Fighting,German
1477508,Ubisoft,Ubisoft,Shooter,Japan
9471168,From_Softaware,Ubisoft,Fighting,English
3404191,Blizzard,Activision,Fighting,Japan
7984544,Arkane,Blizzard,Adventure,Russia
7994914,Bethesda,Blizzard,Puzzle,Japan
776020,Bethesda,Ubisoft,Shooter,Russia
1097387,Activision,Bethesda,Adventure,Russia
7575891,From_Softaware,Ubisoft,Adventure,Japan
8958312,From_Softaware,Ubisoft,Shooter,English
3129516,Blizzard,Activision,Shooter,Japan
6456044,Bethesda,Ubisoft,Adventure,Japan
4116474,Arkane,Bethesda,Shooter,English
8784347,Ubisoft,Blizzard,Fighting,German
4604357,Arkane,Bethesda,Shooter,Japan
3579433,Arkane,Bethesda,Adventure,Russia
8424410,Arkane,Bethesda,Shooter,Japan
4343009,Ubisoft,Blizzard,Adventure,Japan
11451,Arkane,Bethesda,Puzzle,English
2227714,Activision,Activision,Adventure,Russia
1168281,Bethesda,Activision,Puzzle,Japan
3570151,Bethesda,Ubisoft,Puzzle,Japan
7930115,Activision,Ubisoft,Puzzle,Russia
2141650,Activision,Blizzard,Puzzle,English
5936684,Devolver_Digital,Bethesda,Fighting,Russia
6766967,From_Softaware,Blizzard,Shooter,Russia
2317724,Bethesda,Bethesda,Fighting,English
9465098,Activision,Activision,Fighting,English
5331299,Devolver_Digital,Activision,Shooter,German
107313,Bethesda,Blizzard,Puzzle,German
1199799,Devolver_Digital,Ubisoft,Fighting,Japan
8587485,Activision,Blizzard,Puzzle,German
4334122,Devolver_Digital,Ubisoft,Puzzle,Japan
5124254,Activision,Blizzard,Shooter,Russia
2028485,Ubisoft,Bethesda,Fighting,Japan
9179028,Arkane,Activision,Shooter,Japan
6197167,From_Softaware,Ubisoft,Shooter,German
6198148,Ubisoft,Blizzard,Shooter,Japan
6091356,Devolver_Digital,Bethesda,Shooter,English
5662619,Blizzard,Ubisoft,Fighting,Japan
4491817,Arkane,Bethesda,Puzzle,Japan
4106692,Bethesda,Blizzard,Adventure,Japan
1293857,Activision,Blizzard,Puzzle,English
3392982,Activision,Blizzard,Fighting,German
5474132,Activision,Ubisoft,Puzzle,English
1364510,Arkane,Bethesda,Puzzle,English
7107670,Devolver_Digital,Activision,Puzzle,English
2440218,Ubisoft,Activision,Puzzle,English
2847339,Bethesda,Blizzard,Puzzle,English
3990707,Blizzard,Activision,Puzzle,Japan
4094576,Blizzard,Activision,Adventure,English
430720,Ubisoft,Blizzard,Fighting,German
2260478,Blizzard,Bethesda,Fighting,Japan
713191,From_Softaware,Activision,Adventure,Russia
5320826,Arkane,Ubisoft,Adventure,German
1388914,Ubisoft,Activision,Puzzle,Japan
2273088,Devolver_Digital,Ubisoft,Shooter,German
4039557,Activision,Ubisoft,Fighting,Japan
5429938,Arkane,Ubisoft,Puzzle,German
8935144,From_Softaware,Activision,Puzzle,Russia
8594140,Bethesda,Bethesda,Puzzle,German
7246595,Arkane,Ubisoft,Adventure,Russia
5256346,Devolver_Digital,Activision,Puzzle,Russia
1288054,Arkane,Activision,Shooter,German
287633,Devolver_Digital,Ubisoft,Fighting,German
6876589,Ubisoft,Ubisoft,Fighting,Japan
2291827,Blizzard,Bethesda,Puzzle,Russia
4870390,Arkane,Bethesda,Shooter,English
4990771,Activision,Blizzard,Fighting,English
9944798,Bethesda,Bethesda,Puzzle,Japan
5765582,Blizzard,Blizzard,Adventure,English
5524048,Ubisoft,Bethesda,Puzzle,German
9251969,Activision,Bethesda,Fighting,Russia
3123403,Blizzard,Ubisoft,Fighting,German
8284547,Ubisoft,Activision,Shooter,Japan
3512508,Activision,Ubisoft,Adventure,Japan
5370053,Devolver_Digital,Bethesda,Shooter,English
8710403,Arkane,Ubisoft,Adventure,German
1117200,Ubisoft,Activision,Puzzle,German
6533751,From_Softaware,Bethesda,Shooter,Russia
4482192,From_Softaware,Blizzard,Fighting,Russia
3859265,Activision,Activision,Shooter,Japan
8788732,Bethesda,Activision,Fighting,Russia
8176858,Bethesda,Activision,Puzzle,English
1318483,Activision,Ubisoft,Fighting,English
8497091,Blizzard,Ubisoft,Puzzle,English
3509714,Arkane,Activision,Adventure,English
2445688,Arkane,Blizzard,Shooter,German
3808732,Bethesda,Blizzard,Shooter,German
5411690,Blizzard,Bethesda,Adventure,German
3950512,Blizzard,Ubisoft,Fighting,German
9743757,Blizzard,Blizzard,Fighting,German
8757496,Bethesda,Bethesda,Fighting,Japan
2235570,Activision,Activision,Puzzle,Japan
6988284,Arkane,Ubisoft,Shooter,German
2774402,Bethesda,Bethesda,Shooter,German
6102412,From_Softaware,Bethesda,Puzzle,German
7605846,Ubisoft,Ubisoft,Puzzle,Japan
6941369,Ubisoft,Bethesda,Adventure,German
7392140,Ubisoft,Ubisoft,Puzzle,Russia
6426257,Arkane,Blizzard,Adventure,Japan
5119517,Blizzard,Bethesda,Fighting,German
7035546,Activision,Blizzard,Shooter,German
7556240,Devolver_Digital,Blizzard,Fighting,English
2297824,Activision,Bethesda,Shooter,English
2705371,Bethesda,Ubisoft,Puzzle,Russia
7414995,From_Softaware,Ubisoft,Adventure,Russia
3211590,Blizzard,Blizzard,Adventure,Japan
3117348,Ubisoft,Bethesda,Fighting,Russia
4141805,From_Softaware,Bethesda,Adventure,Russia
1525047,From_Softaware,Activision,Puzzle,English
3588928,From_Softaware,Blizzard,Adventure,English
1720375,From_Softaware,Bethesda,Adventure,Japan
2959224,Arkane,Ubisoft,Puzzle,Russia
6672176,Devolver_Digital,Activision,Shooter,Japan
575232,Arkane,Ubisoft,Shooter,German
6323414,Arkane,Bethesda,Adventure,Japan
3576372,Ubisoft,Bethesda,Puzzle,German
7226686,From_Softaware,Bethesda,Shooter,German
5958637,Bethesda,Bethesda,Adventure,Russia
6718552,Bethesda,Ubisoft,Fighting,Russia
9357796,Blizzard,Ubisoft,Adventure,English
3998008,Ubisoft,Bethesda,Puzzle,Japan
5685080,Arkane,Blizzard,Shooter,German
7200679,Arkane,Activision,Fighting,German
3649344,Bethesda,Ubisoft,Puzzle,English
7735815,Devolver_Digital,Bethesda,Puzzle,Russia
1561405,Activision,Blizzard,Puzzle,German
8444362,Bethesda,Activision,Shooter,Japan
4283130,Ubisoft,Ubisoft,Fighting,Russia
6291111,Bethesda,Ubisoft,Puzzle,Russia
2198633,Ubisoft,Activision,Puzzle,Russia
614931,Activision,Ubisoft,Puzzle,English
6775682,From_Softaware,Activision,Shooter,German
8984813,Arkane,Activision,Puzzle,English
9049060,Ubisoft,Blizzard,Fighting,Russia
5513916,Blizzard,Bethesda,Shooter,Russia
679063,Blizzard,Blizzard,Fighting,English
7443627,Activision,Blizzard,Puzzle,German
4411914,Ubisoft,Activision,Puzzle,German
5682793,Bethesda,Activision,Shooter,Russia
9980463,Activision,Activision,Puzzle,Russia
9694773,Devolver_Digital,Activision,Puzzle,German
8629169,From_Softaware,Bethesda,Shooter,Russia
9693353,Ubisoft,Blizzard,Fighting,Russia
1233785,Activision,Ubisoft,Shooter,Russia
9793374,Blizzard,Activision,Puzzle,English
7214595,Devolver_Digital,Bethesda,Fighting,German
4250702,Bethesda,Bethesda,Puzzle,German
3774479,From_Softaware,Blizzard,Adventure,German
7526232,Activision,Blizzard,Fighting,Russia
2264163,Activision,Blizzard,Adventure,German
1916671,From_Softaware,Activision,Adventure,Russia
3534615,Arkane,Ubisoft,Fighting,German
432955,Blizzard,Ubisoft,Shooter,Russia
4751401,Bethesda,Bethesda,Puzzle,Russia
4120282,Ubisoft,Blizzard,Adventure,English
135584,Activision,Activision,Fighting,Japan
6487620,Ubisoft,Ubisoft,Adventure,Russia
5971946,Activision,Activision,Puzzle,English
6434027,Devolver_Digital,Blizzard,Adventure,Japan
4719136,Ubisoft,Ubisoft,Adventure,Japan
7389584,Activision,Blizzard,Shooter,Japan
255209,Arkane,Blizzard,Shooter,German
8474931,Activision,Bethesda,Shooter,English
5861226,From_Softaware,Ubisoft,Fighting,Japan
2163693,Devolver_Digital,Bethesda,Fighting,German
7430515,Arkane,Activision,Shooter,Russia
9925267,Ubisoft,Bethesda,Fighting,German
6403783,Ubisoft,Bethesda,Adventure,Japan
2504254,Arkane,Ubisoft,Adventure,Japan
9107785,Arkane,Activision,Fighting,Russia
6475867,Arkane,Activision,Shooter,Russia
7307787,Bethesda,Ubisoft,Puzzle,German
4928968,Ubisoft,Blizzard,Puzzle,Japan
6647124,Bethesda,Blizzard,Puzzle,Japan
3920981,Bethesda,Activision,Adventure,English
3218935,Arkane,Bethesda,Shooter,English
4007560,Activision,Blizzard,Shooter,German
6509496,Bethesda,Activision,Puzzle,Russia
4784050,Arkane,Activision,Adventure,Russia
8930548,Activision,Bethesda,Fighting,German
5182436,Ubisoft,Blizzard,Adventure,German
6334166,Bethesda,Activision,Fighting,Japan
1494785,Bethesda,Activision,Puzzle,German
6012136,Activision,Bethesda,Shooter,Russia
5950176,Activision,Ubisoft,Shooter,English
2053228,Arkane,Blizzard,Adventure,Japan
5930538,Bethesda,Ubisoft,Puzzle,German
2578142,Activision,Bethesda,Fighting,German
7846593,Blizzard,Blizzard,Fighting,Japan
3553576,Arkane,Ubisoft,Fighting,Russia
1960860,Bethesda,Ubisoft,Puzzle,English
9959644,Blizzard,Blizzard,Adventure,Japan
6858482,Activision,Activision,Adventure,German
4199651,Blizzard,Activision,Shooter,German
3228418,Blizzard,Ubisoft,Shooter,English
8516337,Blizzard,Bethesda,Adventure,Japan
3732410,From_Softaware,Blizzard,Adventure,Russia
8853754,Bethesda,Ubisoft,Shooter,German
6677342,Bethesda,Blizzard,Adventure,Russia
5920821,From_Softaware,Activision,Adventure,German
4717600,Bethesda,Activision,Shooter,Russia
6511837,Devolver_Digital,Activision,Adventure,Japan
2224565,Blizzard,Bethesda,Adventure,German
1962702,Bethesda,Bethesda,Puzzle,English
9364285,Activision,Ubisoft,Fighting,Japan
5355173,Devolver_Digital,Ubisoft,Shooter,German
6836404,Activision,Blizzard,Puzzle,Russia
9796437,From_Softaware,Blizzard,Fighting,Japan
6124593,Activision,Blizzard,Fighting,English
4059457,Activision,Activision,Puzzle,Russia
6382698,Activision,Bethesda,Adventure,English
1948766,Devolver_Digital,Ubisoft,Adventure,Japan
3303321,Blizzard,Ubisoft,Adventure,German
5661452,Bethesda,Activision,Puzzle,German
2812323,Blizzard,Blizzard,Shooter,German
1266560,Devolver_Digital,Ubisoft,Puzzle,Russia
1528626,Bethesda,Blizzard,Puzzle,German
1680644,Devolver_Digital,Ubisoft,Fighting,German
8207188,Arkane,Ubisoft,Puzzle,Japan
7504287,Arkane,Ubisoft,Puzzle,Japan
855378,From_Softaware,Activision,Fighting,Japan
2815047,Devolver_Digital,Blizzard,Fighting,Russia
2505533,Devolver_Digital,Ubisoft,Puzzle,English
4581830,Bethesda,Blizzard,Puzzle,Japan
9595809,Bethesda,Blizzard,Puzzle,English
474147,Blizzard,Bethesda,Puzzle,Japan
8214870,From_Softaware,Activision,Puzzle,English
4594995,Devolver_Digital,Bethesda,Fighting,Japan
4848767,Ubisoft,Bethesda,Fighting,English
7713236,Activision,Ubisoft,Adventure,German
423185,Devolver_Digital,Activision,Fighting,German
2865270,Arkane,Blizzard,Adventure,Russia
3490212,Arkane,Blizzard,Fighting,English
8289445,Ubisoft,Bethesda,Adventure,Japan
5585489,Bethesda,Bethesda,Fighting,English
7515315,Arkane,Bethesda,Shooter,English
4490888,Devolver_Digital,Activision,Fighting,German
5288963,Blizzard,Ubisoft,Fighting,Japan
4970720,Bethesda,Ubisoft,Adventure,English
5396789,Blizzard,Blizzard,Shooter,Russia
8649186,Bethesda,Bethesda,Adventure,German
2444218,Arkane,Activision,Adventure,Japan
6679264,Bethesda,Ubisoft,Shooter,Russia
8647425,From_Softaware,Bethesda,Adventure,German
9141978,From_Softaware,Activision,Fighting,Russia
2006521,Activision,Activision,Fighting,Russia
1032665,Bethesda,Blizzard,Shooter,German
4357479,From_Softaware,Bethesda,Adventure,Japan
6532166,Bethesda,Ubisoft,Fighting,German
8793117,Blizzard,Activision,Puzzle,Japan
7381074,Ubisoft,Activision,Shooter,Japan
5964315,Arkane,Blizzard,Puzzle,Japan
7780332,Ubisoft,Blizzard,Shooter,Japan
9658202,Devolver_Digital,Activision,Shooter,Japan
3930046,Blizzard,Activision,Puzzle,English
7467988,From_Softaware,Activision,Adventure,English
6990050,Devolver_Digital,Blizzard,Fighting,Russia
8690185,Bethesda,Bethesda,Fighting,Russia
5691973,Activision,Activision,Puzzle,German
6797352,Blizzard,Bethesda,Shooter,English
5191855,Devolver_Digital,Activision,Shooter,Japan
5113243,From_Softaware,Blizzard,Adventure,Russia
5781644,From_Softaware,Blizzard,Fighting,Japan
6180988,Blizzard,Ubisoft,Fighting,Russia
5141742,From_Softaware,Activision,Fighting,German
144996,Devolver_Digital,Ubisoft,Adventure,English
7198846,Activision,Activision,Shooter,Russia
5322266,Blizzard,Blizzard,Puzzle,Japan
4962343,Ubisoft,Activision,Shooter,English
6269167,Blizzard,Blizzard,Shooter,Russia
4234602,Blizzard,Blizzard,Adventure,Russia
8601293,Blizzard,Bethesda,Puzzle,German
4044304,Activision,Activision,Fighting,English
7251,Activision,Activision,Adventure,German
9974287,Arkane,Bethesda,Shooter,Japan
1690031,Devolver_Digital,Bethesda,Fighting,Russia
7624893,Blizzard,Ubisoft,Puzzle,German
8617412,From_Softaware,Bethesda,Puzzle,Russia
3750221,Blizzard,Ubisoft,Puzzle,Japan
3628753,Bethesda,Ubisoft,Adventure,English
5434922,Blizzard,Blizzard,Puzzle,Russia
8981309,Blizzard,Bethesda,Adventure,Japan
9165047,Ubisoft,Blizzard,Adventure,Russia
1897123,Ubisoft,Activision,Puzzle,German
1138434,Arkane,Bethesda,Shooter,Russia
5605215,Blizzard,Blizzard,Shooter,English
9337584,Devolver_Digital,Blizzard,Shooter,Russia
4993508,Blizzard,Blizzard,Puzzle,Japan
6140128,Devolver_Digital,Ubisoft,Adventure,German
5432600,Activision,Blizzard,Adventure,German
1144123,Activision,Activision,Fighting,Japan
4721347,Activision,Blizzard,Fighting,English
2799920,Devolver_Digital,Ubisoft,Puzzle,German
6498516,From_Softaware,Blizzard,Fighting,German
7686758,From_Softaware,Bethesda,Adventure,English
3187244,Devolver_Digital,Activision,Shooter,Russia
3728337,Devolver_Digital,Activision,Fighting,English
5585013,Arkane,Blizzard,Adventure,Japan
7697058,Devolver_Digital,Blizzard,Shooter,German
9799488,Devolver_Digital,Activision,Fighting,Japan
5062605,Blizzard,Activision,Puzzle,German
9118219,Bethesda,Ubisoft,Fighting,Russia
8819401,Arkane,Ubisoft,Adventure,Japan
3266522,Bethesda,Activision,Adventure,Russia
9844299,Ubisoft,Ubisoft,Adventure,Russia
4177582,Blizzard,Blizzard,Shooter,German
5276909,From_Softaware,Activision,Shooter,Russia
6045930,Devolver_Digital,Bethesda,Fighting,Russia
7679707,Blizzard,Activision,Adventure,Russia
2744575,Activision,Blizzard,Adventure,Japan
855053,Bethesda,Bethesda,Shooter,English
3759565,Arkane,Bethesda,Shooter,English
5893309,Activision,Blizzard,Adventure,Japan
557151,Ubisoft,Ubisoft,Puzzle,Russia
622287,From_Softaware,Blizzard,Puzzle,Japan
7504100,Activision,Blizzard,Fighting,Russia
7923960,Activision,Activision,Shooter,Russia
3428198,From_Softaware,Blizzard,Fighting,Japan
255510,From_Softaware,Bethesda,Adventure,Japan
9697347,Blizzard,Bethesda,Adventure,Russia
3370421,Ubisoft,Blizzard,Shooter,Russia
1107700,Bethesda,Bethesda,Fighting,Japan
4720002,Blizzard,Bethesda,Fighting,German
7136029,From_Softaware,Activision,Puzzle,Japan
5033368,Ubisoft,Bethesda,Fighting,English
9726386,Bethesda,Blizzard,Puzzle,German
6514492,Devolver_Digital,Bethesda,Fighting,Japan
281835,Devolver_Digital,Bethesda,Adventure,Japan
1660197,Ubisoft,Activision,Adventure,Japan
3087378,Bethesda,Ubisoft,Puzzle,English
1270551,Devolver_Digital,Blizzard,Adventure,Japan
9495335,Devolver_Digital,Activision,Shooter,German
9250334,Arkane,Bethesda,Fighting,English
6873064,Ubisoft,Bethesda,Adventure,Japan
3562779,Ubisoft,Blizzard,Puzzle,Japan
4207665,From_Softaware,Blizzard,Puzzle,German
6896076,Activision,Bethesda,Fighting,Russia
343134,Bethesda,Activision,Shooter,Russia
9849795,Devolver_Digital,Activision,Fighting,German
5260445,Bethesda,Ubisoft,Adventure,Japan
6327739,Arkane,Activision,Puzzle,Japan
6547268,Activision,Activision,Fighting,Japan
2815086,Bethesda,Bethesda,Fighting,German
436605,Activision,Blizzard,Adventure,Russia
809776,Ubisoft,Ubisoft,Shooter,German
5454769,Arkane,Blizzard,Adventure,Russia
2038186,From_Softaware,Ubisoft,Fighting,Russia
3231590,From_Softaware,Bethesda,Adventure,English
8921251,From_Softaware,Activision,Shooter,Russia
6480373,Devolver_Digital,Bethesda,Adventure,German
9515009,Arkane,Activision,Adventure,Russia
6428150,Devolver_Digital,Activision,Shooter,English
3886421,Bethesda,Blizzard,Shooter,English
134439,From_Softaware,Bethesda,Adventure,English
5330855,Blizzard,Bethesda,Adventure,Russia
